{"cameraMode":{"drawMode":0,"name":"Shaded","section":"Shading Mode"},"sceneLighting":true,"audioPlay":false,"sceneViewState":{"m_AlwaysRefresh":false,"showFog":true,"showSkybox":true,"showFlares":true,"showImageEffects":true,"showParticleSystems":true,"showVisualEffectGraphs":true,"m_FxEnabled":true},"in2DMode":false,"pivot":{"x":5.6200714111328129,"y":-6.530670166015625,"z":0.26677292585372927},"rotation":{"x":0.2508912980556488,"y":0.6597305536270142,"z":-0.24968743324279786,"w":0.6629095673561096},"size":8.317895889282227,"orthographic":false}